race,gender,rank,feature_idx,freq,mag,disparity
black,man,0,527,146.16000366210938,3065.5439453125,123.38545989990234
black,man,1,2707,106.69999694824219,1429.728271484375,58.3799934387207
black,man,2,3894,83.08000183105469,1550.2393798828125,48.69636917114258
black,man,3,1584,22.200000762939453,328.7093505859375,-43.03817367553711
black,man,4,2611,8.300000190734863,114.98876190185547,-35.896366119384766
black,man,5,472,0.20000000298023224,1.951716423034668,-28.994543075561523
black,man,6,1664,53.040000915527344,1154.884521484375,28.247276306152344
black,man,7,3764,23.899999618530273,382.3261413574219,-24.132726669311523
black,man,8,1522,32.84000015258789,351.8563232421875,23.494544982910156
black,man,9,2250,0.0,0.0,-21.007272720336914
white,man,0,2707,148.77999877929688,2057.05224609375,104.28544616699219
white,man,1,1653,101.63999938964844,1841.34375,66.05455017089844
white,man,2,3894,82.87999725341797,1631.458251953125,48.478179931640625
white,man,3,2808,107.83999633789062,1866.8822021484375,47.93999481201172
white,man,4,1817,65.83999633789062,939.6392211914062,45.243629455566406
white,man,5,1584,20.81999969482422,295.9712829589844,-44.54363250732422
white,man,6,3764,9.239999771118164,140.27667236328125,-40.125457763671875
white,man,7,2893,86.72000122070312,1543.7852783203125,36.95273208618164
white,man,8,527,0.18000000715255737,1.6139209270477295,-35.865455627441406
white,man,9,2611,12.579999923706055,180.26651000976562,-31.22727394104004
east asian,man,0,2707,101.81999969482422,1229.92431640625,53.05636215209961
east asian,man,1,1653,81.41999816894531,1449.33984375,43.99635696411133
east asian,man,2,527,0.05999999865889549,0.5551959276199341,-35.996360778808594
east asian,man,3,1584,32.220001220703125,484.5098571777344,-32.107269287109375
east asian,man,4,1817,53.380001068115234,703.4890747070312,31.65090560913086
east asian,man,5,472,1.5199999809265137,13.779322624206543,-27.554546356201172
east asian,man,6,3764,21.719999313354492,334.47869873046875,-26.51091194152832
east asian,man,7,2611,17.280000686645508,260.9312744140625,-26.100000381469727
east asian,man,8,2055,53.0,1123.0025634765625,26.06727409362793
east asian,man,9,3894,60.7599983215332,1081.042724609375,24.347274780273438
middle eastern,man,0,452,61.86000061035156,1236.66748046875,53.65272903442383
middle eastern,man,1,1653,80.91999816894531,1249.7694091796875,43.450904846191406
middle eastern,man,2,2893,90.5999984741211,1595.1295166015625,41.18545150756836
middle eastern,man,3,1584,24.81999969482422,339.1933288574219,-40.17999267578125
middle eastern,man,4,669,44.70000076293945,1032.5972900390625,36.96908950805664
middle eastern,man,5,527,1.559999942779541,15.418893814086914,-34.3599967956543
middle eastern,man,6,3764,16.139999389648438,239.76609802246094,-32.598182678222656
middle eastern,man,7,2611,13.119999885559082,179.8625946044922,-30.63818359375
middle eastern,man,8,4858,109.41999816894531,1882.2275390625,27.461822509765625
middle eastern,man,9,464,34.5,448.6625061035156,27.445453643798828
indian,man,0,1653,85.30000305175781,1431.549072265625,48.22909164428711
indian,man,1,1584,23.920000076293945,351.2483215332031,-41.16181945800781
indian,man,2,2707,86.5199966430664,1066.614990234375,36.36545181274414
indian,man,3,2611,9.640000343322754,134.7039794921875,-34.43454360961914
indian,man,4,3764,17.399999618530273,253.32225036621094,-31.223634719848633
indian,man,5,452,40.720001220703125,787.3121948242188,30.590911865234375
indian,man,6,3894,65.30000305175781,1175.3662109375,29.300003051757812
indian,man,7,472,0.7200000286102295,6.252042293548584,-28.42727279663086
indian,man,8,1664,51.41999816894531,1196.4766845703125,26.48000144958496
indian,man,9,2055,51.13999938964844,1083.01806640625,24.03818130493164
hispanic,man,0,1653,83.87999725341797,1467.134033203125,46.679996490478516
hispanic,man,1,1678,84.80000305175781,1293.1505126953125,41.154544830322266
hispanic,man,2,1584,24.260000228881836,363.9369201660156,-40.79090118408203
hispanic,man,3,3894,73.87999725341797,1420.8525390625,38.65999984741211
hispanic,man,4,3764,14.34000015258789,209.54498291015625,-34.56181716918945
hispanic,man,5,2611,10.920000076293945,155.47572326660156,-33.038177490234375
hispanic,man,6,1817,53.29999923706055,715.1578979492188,31.563631057739258
hispanic,man,7,2055,57.459999084472656,1236.3682861328125,30.932727813720703
hispanic,man,8,472,0.8199999928474426,8.097192764282227,-28.31818199157715
hispanic,man,9,2893,78.16000366210938,1323.6982421875,27.614547729492188
black,woman,0,527,169.05999755859375,3774.858154296875,148.36727905273438
black,woman,1,3279,78.27999877929688,1639.8773193359375,71.65272521972656
black,woman,2,2707,10.279999732971191,107.20960998535156,-46.80545425415039
black,woman,3,1653,0.30000001192092896,3.253441095352173,-44.49818420410156
black,woman,4,3764,77.63999938964844,1738.4024658203125,34.49272537231445
black,woman,5,2893,21.959999084472656,308.9720153808594,-33.694541931152344
black,woman,6,3894,8.380000114440918,112.51819610595703,-32.7945442199707
black,woman,7,4957,68.19999694824219,1182.920166015625,31.50727081298828
black,woman,8,2611,69.72000122070312,1406.9317626953125,31.10727310180664
black,woman,9,472,1.059999942779541,10.856583595275879,-28.056364059448242
white,woman,0,1584,115.16000366210938,2324.605712890625,58.372737884521484
white,woman,1,2611,78.05999755859375,1752.607666015625,40.20545196533203
white,woman,2,472,63.040000915527344,830.9478149414062,39.55818176269531
white,woman,3,1653,6.5,70.0575180053711,-37.73454666137695
white,woman,4,2250,53.7400016784668,853.3582763671875,37.61818313598633
white,woman,5,527,0.019999999552965164,0.23161529004573822,-36.040000915527344
white,woman,6,3894,7.179999828338623,94.52899169921875,-34.103633880615234
white,woman,7,2707,22.799999237060547,247.66847229003906,-33.14727783203125
white,woman,8,433,44.58000183105469,797.6494750976562,29.6890926361084
white,woman,9,2055,5.0,68.56869506835938,-26.296361923217773
east asian,woman,0,1584,99.73999786376953,2004.7652587890625,41.55091094970703
east asian,woman,1,1653,5.199999809265137,54.637569427490234,-39.15272521972656
east asian,woman,2,2707,17.68000030517578,186.2364501953125,-38.732730865478516
east asian,woman,3,3764,80.95999908447266,1805.4488525390625,38.11454391479492
east asian,woman,4,527,0.0,0.0,-36.06181716918945
east asian,woman,5,3894,8.420000076293945,113.60072326660156,-32.75090789794922
east asian,woman,6,472,55.65999984741211,763.3292846679688,31.507272720336914
east asian,woman,7,2611,65.12000274658203,1412.099853515625,26.089092254638672
east asian,woman,8,2250,42.20000076293945,708.8839721679688,25.029090881347656
east asian,woman,9,1664,4.880000114440918,68.39776611328125,-24.290904998779297
middle eastern,woman,0,138,118.83999633789062,2221.27783203125,115.05999755859375
middle eastern,woman,1,472,97.4000015258789,1542.0838623046875,77.04181671142578
middle eastern,woman,2,2707,1.340000033378601,12.772353172302246,-56.55818176269531
middle eastern,woman,3,2670,77.5999984741211,1127.451171875,-54.51819610595703
middle eastern,woman,4,1653,0.23999999463558197,2.2963318824768066,-44.563636779785156
middle eastern,woman,5,1584,101.36000061035156,1795.0426025390625,43.31818771362305
middle eastern,woman,6,4544,45.02000045776367,686.263916015625,-42.28544998168945
middle eastern,woman,7,3894,0.9399999976158142,11.043505668640137,-40.91090774536133
middle eastern,woman,8,2611,75.73999786376953,1704.2275390625,37.67454147338867
middle eastern,woman,9,433,51.31999969482422,925.7357788085938,37.04181671142578
indian,woman,0,2707,4.340000152587891,43.263946533203125,-53.28545379638672
indian,woman,1,1653,3.640000104904175,39.818702697753906,-40.85454559326172
indian,woman,2,1584,92.05999755859375,1753.2442626953125,33.1727294921875
indian,woman,3,3764,75.58000183105469,1667.48974609375,32.24545669555664
indian,woman,4,3894,10.399999618530273,146.02392578125,-30.590909957885742
indian,woman,5,2893,26.719999313354492,369.4075927734375,-28.50181770324707
indian,woman,6,2611,63.47999954223633,1324.4312744140625,24.300003051757812
indian,woman,7,2527,23.780000686645508,325.97283935546875,23.325454711914062
indian,woman,8,2055,8.319999694824219,121.56526184082031,-22.674543380737305
indian,woman,9,2645,43.2400016784668,625.9820556640625,21.6563663482666
hispanic,woman,0,2707,4.360000133514404,42.860469818115234,-53.263641357421875
hispanic,woman,1,1653,2.359999895095825,24.09198570251465,-42.250911712646484
hispanic,woman,2,1584,98.33999633789062,2022.486572265625,40.02363586425781
hispanic,woman,3,2250,51.41999816894531,884.6082763671875,35.08727264404297
hispanic,woman,4,3764,78.16000366210938,1738.8455810546875,35.060001373291016
hispanic,woman,5,3894,6.380000114440918,87.55677032470703,-34.97636032104492
hispanic,woman,6,2893,21.5,295.0245056152344,-34.19636154174805
hispanic,woman,7,2611,70.5,1577.3804931640625,31.95818328857422
hispanic,woman,8,1678,75.30000305175781,1170.839111328125,30.790908813476562
hispanic,woman,9,472,54.52000045776367,729.3167114257812,30.263635635375977
